{
  "status": "completed",
  "results": [
    {
      "domain": "airline",
      "score": 29.0,
      "max_score": 50,
      "pass_rate": 57.99999999999999,
      "task_rewards": {
        "0": 1.0,
        "1": 1.0,
        "2": 1.0,
        "3": 1.0,
        "4": 1.0,
        "5": 1.0,
        "6": 1.0,
        "7": 0.0,
        "8": 0.0,
        "9": 1.0,
        "10": 1.0,
        "11": 1.0,
        "12": 0.0,
        "13": 1.0,
        "14": 0.0,
        "15": 0.0,
        "16": 0.0,
        "17": 0.0,
        "18": 0.0,
        "19": 1.0,
        "20": 0.0,
        "21": 0.0,
        "22": 0.0,
        "23": 0.0,
        "24": 0.0,
        "25": 1.0,
        "26": 1.0,
        "27": 1.0,
        "28": 1.0,
        "29": 0.0,
        "30": 1.0,
        "31": 1.0,
        "32": 0.0,
        "33": 0.0,
        "34": 1.0,
        "35": 0.0,
        "36": 1.0,
        "37": 0.0,
        "38": 1.0,
        "39": 1.0,
        "40": 0.0,
        "41": 1.0,
        "42": 0.0,
        "43": 1.0,
        "44": 0.0,
        "45": 1.0,
        "46": 1.0,
        "47": 1.0,
        "48": 1.0,
        "49": 1.0
      },
      "time_used": 1843.2701082229614
    }
  ],
  "participants": {
    "green": "019cf80f-8938-79c0-a221-4c7eadd43e7e",
    "agent": "019d3ea3-8f22-7840-99c9-5edf599e536f"
  }
}
